{
  "name": "whatsapp-blast-engine-optimized",
  "version": "2.0.0",
  "description": "Optimized WhatsApp Blast Engine for Laravel Application",
  "main": "server-optimized.js",
  "scripts": {
    "start": "node server-optimized.js",
    "dev": "nodemon server-optimized.js",
    "start:prod": "NODE_ENV=production node server-optimized.js",
    "start:memory": "node --max-old-space-size=4096 server-optimized.js",
    "start:gc": "node --expose-gc server-optimized.js"
  },
  "dependencies": {
    "cors": "^2.8.5",
    "dotenv": "^16.3.1",
    "express": "^4.18.2",
    "helmet": "^7.1.0",
    "multer": "^1.4.5-lts.1",
    "qrcode": "^1.5.3",
    "whatsapp-web.js": "^1.23.0",
    "compression": "^1.7.4",
    "express-rate-limit": "^7.1.5",
    "node-cache": "^5.1.2"
  },
  "devDependencies": {
    "nodemon": "^3.0.2"
  },
  "engines": {
    "node": ">=16.0.0",
    "npm": ">=8.0.0"
  },
  "keywords": [
    "whatsapp",
    "blast",
    "laravel",
    "nodejs",
    "optimized",
    "performance"
  ],
  "author": "Your Name",
  "license": "MIT"
} 