{
	"info": {
		"_postman_id": "wa-blast-api-collection",
		"name": "WA Blast API",
		"description": "Collection untuk testing API WA Blast",
		"schema": "https://schema.getpostman.com/json/collection/v2.1.0/collection.json"
	},
	"item": [
		{
			"name": "System Status",
			"item": [
				{
					"name": "Get System Status",
					"request": {
						"method": "GET",
						"header": [
							{
								"key": "X-API-Key",
								"value": "{{api_key}}",
								"type": "text"
							}
						],
						"url": {
							"raw": "{{base_url}}/api/v1/integration/system-status",
							"host": [
								"{{base_url}}"
							],
							"path": [
								"api",
								"v1",
								"integration",
								"system-status"
							]
						}
					},
					"response": []
				}
			]
		},
		{
			"name": "WhatsApp Sessions",
			"item": [
				{
					"name": "Get Sessions",
					"request": {
						"method": "GET",
						"header": [
							{
								"key": "X-API-Key",
								"value": "{{api_key}}",
								"type": "text"
							}
						],
						"url": {
							"raw": "{{base_url}}/api/v1/whatsapp/sessions",
							"host": [
								"{{base_url}}"
							],
							"path": [
								"api",
								"v1",
								"whatsapp",
								"sessions"
							]
						}
					},
					"response": []
				},
				{
					"name": "Create Session",
					"request": {
						"method": "POST",
						"header": [
							{
								"key": "X-API-Key",
								"value": "{{api_key}}",
								"type": "text"
							},
							{
								"key": "Content-Type",
								"value": "application/json",
								"type": "text"
							}
						],
						"body": {
							"mode": "raw",
							"raw": "{\n    \"name\": \"Test Session\",\n    \"phone_number\": \"6281234567890\"\n}"
						},
						"url": {
							"raw": "{{base_url}}/api/v1/whatsapp/sessions",
							"host": [
								"{{base_url}}"
							],
							"path": [
								"api",
								"v1",
								"whatsapp",
								"sessions"
							]
						}
					},
					"response": []
				},
				{
					"name": "Get Session Details",
					"request": {
						"method": "GET",
						"header": [
							{
								"key": "X-API-Key",
								"value": "{{api_key}}",
								"type": "text"
							}
						],
						"url": {
							"raw": "{{base_url}}/api/v1/whatsapp/sessions/{{session_id}}",
							"host": [
								"{{base_url}}"
							],
							"path": [
								"api",
								"v1",
								"whatsapp",
								"sessions",
								"{{session_id}}"
							]
						}
					},
					"response": []
				},
				{
					"name": "Get QR Code",
					"request": {
						"method": "GET",
						"header": [
							{
								"key": "X-API-Key",
								"value": "{{api_key}}",
								"type": "text"
							}
						],
						"url": {
							"raw": "{{base_url}}/api/v1/whatsapp/sessions/{{session_id}}/qr",
							"host": [
								"{{base_url}}"
							],
							"path": [
								"api",
								"v1",
								"whatsapp",
								"sessions",
								"{{session_id}}",
								"qr"
							]
						}
					},
					"response": []
				},
				{
					"name": "Send Message",
					"request": {
						"method": "POST",
						"header": [
							{
								"key": "X-API-Key",
								"value": "{{api_key}}",
								"type": "text"
							},
							{
								"key": "Content-Type",
								"value": "application/json",
								"type": "text"
							}
						],
						"body": {
							"mode": "raw",
							"raw": "{\n    \"to_number\": \"6281234567890\",\n    \"message\": \"Halo, ini pesan test dari API!\",\n    \"message_type\": \"text\"\n}"
						},
						"url": {
							"raw": "{{base_url}}/api/v1/whatsapp/sessions/{{session_id}}/send",
							"host": [
								"{{base_url}}"
							],
							"path": [
								"api",
								"v1",
								"whatsapp",
								"sessions",
								"{{session_id}}",
								"send"
							]
						}
					},
					"response": []
				}
			]
		},
		{
			"name": "Template Messages",
			"item": [
				{
					"name": "Send Template Message",
					"request": {
						"method": "POST",
						"header": [
							{
								"key": "X-API-Key",
								"value": "{{api_key}}",
								"type": "text"
							},
							{
								"key": "Content-Type",
								"value": "application/json",
								"type": "text"
							}
						],
						"body": {
							"mode": "raw",
							"raw": "{\n    \"session_id\": {{session_id}},\n    \"to_number\": \"6281234567890\",\n    \"template\": \"Halo {name}, ada promo menarik untuk Anda: {promo_message}\",\n    \"variables\": {\n        \"name\": \"John Doe\",\n        \"promo_message\": \"Diskon 50% untuk semua produk!\"\n    }\n}"
						},
						"url": {
							"raw": "{{base_url}}/api/v1/integration/send-template",
							"host": [
								"{{base_url}}"
							],
							"path": [
								"api",
								"v1",
								"integration",
								"send-template"
							]
						}
					},
					"response": []
				}
			]
		},
		{
			"name": "Bulk Messages",
			"item": [
				{
					"name": "Send Bulk Messages",
					"request": {
						"method": "POST",
						"header": [
							{
								"key": "X-API-Key",
								"value": "{{api_key}}",
								"type": "text"
							},
							{
								"key": "Content-Type",
								"value": "application/json",
								"type": "text"
							}
						],
						"body": {
							"mode": "raw",
							"raw": "{\n    \"session_id\": {{session_id}},\n    \"messages\": [\n        {\n            \"to_number\": \"6281234567890\",\n            \"message\": \"Halo, ini pesan pertama\"\n        },\n        {\n            \"to_number\": \"6281234567891\",\n            \"message\": \"Halo, ini pesan kedua\"\n        }\n    ]\n}"
						},
						"url": {
							"raw": "{{base_url}}/api/v1/integration/bulk-send",
							"host": [
								"{{base_url}}"
							],
							"path": [
								"api",
								"v1",
								"integration",
								"bulk-send"
							]
						}
					},
					"response": []
				}
			]
		},
		{
			"name": "Blast Campaigns",
			"item": [
				{
					"name": "Get Campaigns",
					"request": {
						"method": "GET",
						"header": [
							{
								"key": "X-API-Key",
								"value": "{{api_key}}",
								"type": "text"
							}
						],
						"url": {
							"raw": "{{base_url}}/api/v1/blast/campaigns",
							"host": [
								"{{base_url}}"
							],
							"path": [
								"api",
								"v1",
								"blast",
								"campaigns"
							]
						}
					},
					"response": []
				},
				{
					"name": "Create Campaign",
					"request": {
						"method": "POST",
						"header": [
							{
								"key": "X-API-Key",
								"value": "{{api_key}}",
								"type": "text"
							},
							{
								"key": "Content-Type",
								"value": "application/json",
								"type": "text"
							}
						],
						"body": {
							"mode": "raw",
							"raw": "{\n    \"name\": \"Promo Campaign\",\n    \"message\": \"Halo {name}, ada promo menarik untuk Anda!\",\n    \"phone_numbers\": [\"6281234567890\", \"6281234567891\"],\n    \"session_id\": {{session_id}}\n}"
						},
						"url": {
							"raw": "{{base_url}}/api/v1/blast/campaigns",
							"host": [
								"{{base_url}}"
							],
							"path": [
								"api",
								"v1",
								"blast",
								"campaigns"
							]
						}
					},
					"response": []
				},
				{
					"name": "Start Campaign",
					"request": {
						"method": "POST",
						"header": [
							{
								"key": "X-API-Key",
								"value": "{{api_key}}",
								"type": "text"
							}
						],
						"url": {
							"raw": "{{base_url}}/api/v1/blast/campaigns/{{campaign_id}}/start",
							"host": [
								"{{base_url}}"
							],
							"path": [
								"api",
								"v1",
								"blast",
								"campaigns",
								"{{campaign_id}}",
								"start"
							]
						}
					},
					"response": []
				},
				{
					"name": "Get Campaign Statistics",
					"request": {
						"method": "GET",
						"header": [
							{
								"key": "X-API-Key",
								"value": "{{api_key}}",
								"type": "text"
							}
						],
						"url": {
							"raw": "{{base_url}}/api/v1/blast/campaigns/{{campaign_id}}/statistics",
							"host": [
								"{{base_url}}"
							],
							"path": [
								"api",
								"v1",
								"blast",
								"campaigns",
								"{{campaign_id}}",
								"statistics"
							]
						}
					},
					"response": []
				}
			]
		},
		{
			"name": "Contact Management",
			"item": [
				{
					"name": "Get Contacts",
					"request": {
						"method": "GET",
						"header": [
							{
								"key": "X-API-Key",
								"value": "{{api_key}}",
								"type": "text"
							}
						],
						"url": {
							"raw": "{{base_url}}/api/v1/phonebook?search=John&group=VIP&status=active",
							"host": [
								"{{base_url}}"
							],
							"path": [
								"api",
								"v1",
								"phonebook"
							],
							"query": [
								{
									"key": "search",
									"value": "John"
								},
								{
									"key": "group",
									"value": "VIP"
								},
								{
									"key": "status",
									"value": "active"
								}
							]
						}
					},
					"response": []
				},
				{
					"name": "Add Contact",
					"request": {
						"method": "POST",
						"header": [
							{
								"key": "X-API-Key",
								"value": "{{api_key}}",
								"type": "text"
							},
							{
								"key": "Content-Type",
								"value": "application/json",
								"type": "text"
							}
						],
						"body": {
							"mode": "raw",
							"raw": "{\n    \"name\": \"New Contact\",\n    \"phone_number\": \"6281234567892\",\n    \"email\": \"new@example.com\",\n    \"group\": \"Test\",\n    \"notes\": \"Test contact\"\n}"
						},
						"url": {
							"raw": "{{base_url}}/api/v1/phonebook",
							"host": [
								"{{base_url}}"
							],
							"path": [
								"api",
								"v1",
								"phonebook"
							]
						}
					},
					"response": []
				},
				{
					"name": "Import Contacts",
					"request": {
						"method": "POST",
						"header": [
							{
								"key": "X-API-Key",
								"value": "{{api_key}}",
								"type": "text"
							},
							{
								"key": "Content-Type",
								"value": "application/json",
								"type": "text"
							}
						],
						"body": {
							"mode": "raw",
							"raw": "{\n    \"contacts\": [\n        {\n            \"name\": \"John Doe\",\n            \"phone_number\": \"6281234567890\",\n            \"email\": \"john@example.com\",\n            \"group\": \"VIP\"\n        },\n        {\n            \"name\": \"Jane Smith\",\n            \"phone_number\": \"6281234567891\",\n            \"email\": \"jane@example.com\",\n            \"group\": \"Regular\"\n        }\n    ],\n    \"overwrite_existing\": false\n}"
						},
						"url": {
							"raw": "{{base_url}}/api/v1/integration/import-contacts",
							"host": [
								"{{base_url}}"
							],
							"path": [
								"api",
								"v1",
								"integration",
								"import-contacts"
							]
						}
					},
					"response": []
				},
				{
					"name": "Export Contacts",
					"request": {
						"method": "GET",
						"header": [
							{
								"key": "X-API-Key",
								"value": "{{api_key}}",
								"type": "text"
							}
						],
						"url": {
							"raw": "{{base_url}}/api/v1/integration/export-contacts?format=json&group=VIP&status=active",
							"host": [
								"{{base_url}}"
							],
							"path": [
								"api",
								"v1",
								"integration",
								"export-contacts"
							],
							"query": [
								{
									"key": "format",
									"value": "json"
								},
								{
									"key": "group",
									"value": "VIP"
								},
								{
									"key": "status",
									"value": "active"
								}
							]
						}
					},
					"response": []
				},
				{
					"name": "Get Groups",
					"request": {
						"method": "GET",
						"header": [
							{
								"key": "X-API-Key",
								"value": "{{api_key}}",
								"type": "text"
							}
						],
						"url": {
							"raw": "{{base_url}}/api/v1/phonebook-groups",
							"host": [
								"{{base_url}}"
							],
							"path": [
								"api",
								"v1",
								"phonebook-groups"
							]
						}
					},
					"response": []
				},
				{
					"name": "Search Contacts",
					"request": {
						"method": "GET",
						"header": [
							{
								"key": "X-API-Key",
								"value": "{{api_key}}",
								"type": "text"
							}
						],
						"url": {
							"raw": "{{base_url}}/api/v1/phonebook-search?q=John",
							"host": [
								"{{base_url}}"
							],
							"path": [
								"api",
								"v1",
								"phonebook-search"
							],
							"query": [
								{
									"key": "q",
									"value": "John"
								}
							]
						}
					},
					"response": []
				}
			]
		},
		{
			"name": "Webhook Configuration",
			"item": [
				{
					"name": "Get Webhook Config",
					"request": {
						"method": "GET",
						"header": [
							{
								"key": "X-API-Key",
								"value": "{{api_key}}",
								"type": "text"
							}
						],
						"url": {
							"raw": "{{base_url}}/api/v1/integration/webhook-config",
							"host": [
								"{{base_url}}"
							],
							"path": [
								"api",
								"v1",
								"integration",
								"webhook-config"
							]
						}
					},
					"response": []
				},
				{
					"name": "Set Webhook Config",
					"request": {
						"method": "POST",
						"header": [
							{
								"key": "X-API-Key",
								"value": "{{api_key}}",
								"type": "text"
							},
							{
								"key": "Content-Type",
								"value": "application/json",
								"type": "text"
							}
						],
						"body": {
							"mode": "raw",
							"raw": "{\n    \"enabled\": true,\n    \"url\": \"https://test.com/webhook\",\n    \"events\": [\"message_received\", \"campaign_completed\"],\n    \"secret\": \"test-secret\"\n}"
						},
						"url": {
							"raw": "{{base_url}}/api/v1/integration/webhook-config",
							"host": [
								"{{base_url}}"
							],
							"path": [
								"api",
								"v1",
								"integration",
								"webhook-config"
							]
						}
					},
					"response": []
				},
				{
					"name": "Test Webhook",
					"request": {
						"method": "POST",
						"header": [
							{
								"key": "X-API-Key",
								"value": "{{api_key}}",
								"type": "text"
							}
						],
						"url": {
							"raw": "{{base_url}}/api/v1/integration/test-webhook",
							"host": [
								"{{base_url}}"
							],
							"path": [
								"api",
								"v1",
								"integration",
								"test-webhook"
							]
						}
					},
					"response": []
				}
			]
		}
	],
	"event": [
		{
			"listen": "prerequest",
			"script": {
				"type": "text/javascript",
				"exec": [
					""
				]
			}
		},
		{
			"listen": "test",
			"script": {
				"type": "text/javascript",
				"exec": [
					""
				]
			}
		}
	],
	"variable": [
		{
			"key": "base_url",
			"value": "http://localhost:8000",
			"type": "string"
		},
		{
			"key": "api_key",
			"value": "your-api-key-here",
			"type": "string"
		},
		{
			"key": "session_id",
			"value": "1",
			"type": "string"
		},
		{
			"key": "campaign_id",
			"value": "1",
			"type": "string"
		}
	]
} 